"Date Last Researched","Country","Project Name","Capacity (MW)","Status","Latitude","Longitude","County","State"
"2024/09/23","United States","25 Mile Creek wind farm",250,"operating",36.487,-99.739,"Ellis County","Oklahoma"
"2024/06/04","United States","Adair wind farm",174.8,"operating",41.444,-94.6789,"Adair County","Iowa"
"2024/06/04","United States","Adams (Coned) wind farm",13.5,"operating",43.5516,-92.7173,"Mower County","Minnesota"
"2024/08/23","United States","Adams (MidAmerican) wind farm",58,"operating",40.9239,-94.7163,"Adams County","Iowa"
"2024/06/04","United States","Alexander wind farm",50.7,"operating",38.4296,-99.5371,"Rush County","Kansas"
"2024/06/04","United States","Allegheny Ridge wind farm",80,"operating",40.3757,-78.5812,"Cambria County","Pennsylvania"
"2021/11/04","United States","Alta Wind Energy Center",150,"operating",34.9836,-118.227,"Kern County","California"
"2024/06/04","United States","Amadeus wind farm",250,"operating",32.9133,-100.568,"Fisher County","Texas"
"2023/09/04","United States","Amazon wind farm",208,"operating",36.2974,-76.4462,"Perquimans County","North Carolina"
"2024/06/04","United States","Andreson Wind Project",10,"operating",33.0139,-103.865,"Chaves County","New Mexico"
"2025/01/08","United States","Anticline Wind",175,"construction",43.1461,-106.3473,"Natrona County","Wyoming"
"2024/06/04","United States","Antrim wind farm",28.8,"operating",43.0566,-72.0195,"Hillsborough County","New Hampshire"
"2024/06/04","United States","Apple Blossom wind farm",100,"operating",43.8069,-83.3018,"Huron County","Michigan"
"2022/11/03","United States","Aragonne Wind Project",90,"operating",34.815,-105.081,"Guadalupe County","New Mexico"
"2021/11/04","United States","Arbor Hill wind farm",60,"operating",41.4222,-94.3104,"Adair County","Iowa"
"2024/06/04","United States","Armadillo Flats wind farm",247.3,"operating",36.2701,-97.5397,"Garfield County","Oklahoma"
"2024/07/24","United States","Ashtabula Wind Center",196.5,"operating",47.0695,-97.8848,"Barnes County","North Dakota"
"2024/06/04","United States","Aurora Wind Project",298.8,"operating",48.5127,-103.0944,"Williams County","North Dakota"
"2025/01/07","United States","Azure Sky Wind Project",350.2,"operating",33.1855,-99.2359,"Throckmorton County","Texas"
"2023/09/04","United States","Baldwin Wind Energy Center",102,"operating",47.0783,-100.657,NA,NA
"2024/09/23","United States","Ball Hill wind farm",107.5,"operating",42.2653,-79.0725,"Chautauqua County","New York"
"2021/11/04","United States","Barton wind farm",28,"operating",43.3787,-93.0919,"Worth County","Iowa"
"2021/11/04","United States","Bearkat wind farm",197,"operating",31.7538,-101.626,"Glasscock County","Texas"
"2024/07/08","United States","Beaver Creek (Caithness) Wind Farms",50,"construction",45.8611,-109.4491,"Stillwater County","Montana"
"2021/11/04","United States","Beaver Creek (MidAmerican) wind farm",170,"operating",42.0736,-94.1625,"Boone County","Iowa"
"2021/11/04","United States","Beebe Community wind farm",82,"operating",43.2878,-84.4623,"Gratiot County","Michigan"
"2021/11/04","United States","Beech Ridge Wind Energy Center",100,"operating",38.0822,-80.5169,"Greenbrier County","West Virginia"
"2024/06/04","United States","Beethoven wind farm",80,"operating",43.2067,-98.0427,"Bon Homme County","South Dakota"
"2024/06/04","United States","Bennington wind farm",93,"operating",40.9878,-89.0676,"Marshall County","Illinois"
"2021/11/04","United States","Bent Tree wind farm",201,"operating",43.737,-93.4901,"Freeborn County","Minnesota"
"2024/06/04","United States","Berkshire wind farm",15,"operating",42.5849,-73.2751,"Berkshire County","Massachusetts"
"2024/06/04","United States","Big Blue wind farm",36,"operating",43.6196,-94.2335,"Faribault County","Minnesota"
"2021/11/04","United States","Big Horn Wind Project",50,"operating",45.9467,-120.302,"Klickitat County","Washington"
"2023/09/25","United States","Big Sky wind farm",240,"operating",41.5481,-89.4984,"Bureau County","Illinois"
"2024/06/04","United States","Big Spring wind farm",34.3,"operating",32.1689,-101.363,"Howard County","Texas"
"2021/11/04","United States","Big Turtle wind farm",20,"operating",43.8707,-82.758,"Huron County","Michigan"
"2021/11/04","United States","Biglow Canyon wind farm",175,"operating",45.6484,-120.548,"Sherman County","Oregon"
"2024/06/04","United States","Bingham Lake wind farm",15.6,"operating",43.9617,-95.0685,"Cottonwood County","Minnesota"
"2022/11/04","United States","Bishop Hill wind farm",211,"operating",41.2262,-90.1732,"Henry County","Illinois"
"2021/11/04","United States","Bison wind farm",205,"operating",47.0372,-101.679,"Mercer County","North Dakota"
"2024/06/04","United States","Black Rock wind farm",115,"operating",39.3432,-79.1115,"Mineral County","West Virginia"
"2024/09/30","United States","Blackford Wind",200,"construction",40.4021,-85.3006,"Blackford County","Indiana"
"2024/06/04","United States","Blackjack Creek wind farm",239.6,"operating",28.2479,-97.5212,"Bee County","Texas"
"2021/11/04","United States","Blackstone wind farm",198,"operating",41.1319,-88.5442,"Grundy County","Illinois"
"2022/11/04","United States","Blazing Star wind farm",200,"operating",44.5685,-96.3126,"Lincoln County","Minnesota"
"2024/06/04","United States","Block Island wind farm",30,"operating",41.1199,-71.5139,"Washington County","Rhode Island"
"2024/06/04","United States","Blooming Grove Wind Energy Center",250,"operating",40.6574,-88.8487,"Livingston County","Illinois"
"2021/11/04","United States","Blue Canyon wind farm",99,"operating",34.907,-98.5538,"Caddo County","Oklahoma"
"2024/06/04","United States","Blue Cloud wind farm",148.4,"operating",34.0741,-102.621,"Bailey County","Texas"
"2021/11/04","United States","Blue Summit wind farm",200,"operating",34.1569,-99.5354,"Hardeman County","Texas"
"2024/06/04","United States","Bluestem wind farm",198,"operating",36.6081,-100.581,"Beaver County","Oklahoma"
"2024/06/04","United States","Bluff Point Wind Facility",119.7,"operating",40.3029,-84.9315,"Jay County","Indiana"
"2023/09/04","United States","Bobcat Bluff Wind Project",162,"operating",33.5036,-98.5805,NA,NA
"2023/09/18","United States","Border Winds Project",150,"operating",48.9743,-99.6448,"Rolette County","North Dakota"
"2024/06/04","United States","Borderlands wind farm",100,"operating",34.1031,-108.9078,"Catron County","New Mexico"
"2025/01/08","United States","Boswell Springs wind farm",329.8,"construction",41.919,-105.869,"Albany County","Wyoming"
"2021/11/04","United States","Brady wind farm",150,"operating",46.6851,-102.636,"Stark County","North Dakota"
"2023/08/21","United States","Brahms wind farm",20,"operating",34.7478,-103.269,"Curry County","New Mexico"
"2024/09/30","United States","Brazos Wind Ranch",182,"operating",32.939,-101.099,"Scurry County","Texas"
"2022/09/12","United States","Broadview Energy wind farm",241,"operating",34.7957,-103.071,"Curry County","New Mexico"
"2021/11/04","United States","Broken Bow wind farm",80,"operating",41.5075,-99.6109,"Custer County","Nebraska"
"2021/11/04","United States","Bronco Plains wind farm",299,"operating",39.0888,-103.0251,"Kit Carson County","Colorado"
"2021/11/04","United States","Brookfield Tehachapi wind farm",102,"operating",35.0644,-118.335,"Kern County","California"
"2024/06/04","United States","Brookfield Wind Park",74.8,"operating",43.742,-83.2481,"Huron County","Michigan"
"2024/06/04","United States","Brule County wind farm",20,"operating",43.7258,-98.9172,"Brule County","South Dakota"
"2024/06/04","United States","Buena Vista wind farm",38,"operating",37.8036,-121.655,"Contra Costa County","California"
"2024/06/04","United States","Buffalo Bear wind farm",18.9,"operating",36.7777,-99.6409,"Harper County","Oklahoma"
"2024/06/04","United States","Buffalo Dunes wind farm",249.8,"operating",37.644,-101.102,"Haskell County","Kansas"
"2021/11/04","United States","Buffalo Gap wind farm",232,"operating",32.3401,-100.203,"Nolan County","Texas"
"2024/06/04","United States","Buffalo Mountain wind farm",27,"operating",36.1346,-84.3583,"Anderson County","Tennessee"
"2021/11/04","United States","Buffalo Ridge wind farm",210,"operating",44.5541,-96.6715,"Deuel County","South Dakota"
"2024/06/04","United States","Bull Hill wind farm",34.5,"operating",44.7257,-68.1747,"Hancock County","Maine"
"2024/06/04","United States","Burley Butte wind farm",21.3,"operating",42.4879,-113.926,"Cassia County","Idaho"
"2021/11/04","United States","Busch Ranch wind farm",59,"operating",37.7611,-104.383,"Las Animas County","Colorado"
"2021/11/04","United States","Cabazon wind farm",41,"operating",33.9166,-116.729,"Riverside County","California"
"2024/06/04","United States","Caddo wind farm",303.2,"operating",34.9806,-98.3692,"Caddo County","Oklahoma"
"2024/06/04","United States","Cameron Ridge wind farm",59.6,"operating",35.0765,-118.313,"Kern County","California"
"2024/06/04","United States","Camp Grove wind farm",150,"operating",41.0598,-89.6003,"STARK County","Illinois"
"2021/11/04","United States","Camp Springs Wind Energy Center",130,"operating",32.756,-100.8301,"Scurry County","Texas"
"2024/06/04","United States","Campbell County wind farm",97.8,"operating",45.8133,-100.284,"Campbell County","South Dakota"
"2024/06/04","United States","Campbell Hill wind farm",99,"operating",42.9993,-106.021,"Converse County","Wyoming"
"2024/06/04","United States","Canadian Hills wind farm",293.7,"operating",35.6463,-98.0982,"Canadian County","Oklahoma"
"2024/06/04","United States","Canton Mountain wind farm",22.8,"operating",44.5209,-70.3009,"Oxford County","Maine"
"2023/09/25","United States","Capricorn Ridge Wind Energy Center",362,"operating",31.8627,-100.927,NA,NA
"2021/11/04","United States","Caprock Wind Ranch",60,"operating",34.9652,-103.317,"Quay County","New Mexico"
"2024/06/04","United States","Casa Mesa wind farm",50.9,"operating",34.6308,-103.976,"Quay County","New Mexico"
"2024/06/04","United States","Cassadaga wind farm",124,"operating",42.3392,-79.1956,"Chautauqua County","New York"
"2024/09/30","United States","Cassia wind farm",19,"operating",42.8704,-115.018,"Twin Falls County","Idaho"
"2024/06/04","United States","Castle Gap wind farm",196.8,"operating",31.3938,-98.3594,"Mills County","Texas"
"2024/06/04","United States","Cayuga Ridge wind farm",300,"operating",40.9688,-88.3801,"Livingston County","Illinois"
"2021/11/04","United States","Cedar Creek (Infigen) wind farm",221,"operating",40.8577,-104.067,"Weld County","Colorado"
"2024/09/24","United States","Cedar Creek (Summit) wind farm",160,"operating",43.5227,-112.813,"Bingham County","Idaho"
"2024/06/04","United States","Cedar Hills wind farm",19.5,"operating",46.243,-103.771,"Bowman County","North Dakota"
"2024/06/04","United States","Cedar Ridge wind farm",67.7,"operating",43.7082,-88.3223,"Fond Du Lac County","Wisconsin"
"2025/01/08","United States","Cedar Springs wind farm",390.4,"construction",43.1008,-105.7115,"Converse County","Wyoming"
"2024/06/04","United States","Cedro Hill wind farm",150,"operating",27.5368,-98.9527,"Webb County","Texas"
"2024/06/04","United States","Centennial wind farm (United States)",120,"operating",36.6488,-99.6332,"Harper County","Oklahoma"
"2025/01/07","United States","Century Oak Wind Project",151.5,"operating",32.4287,-99.1591,"Eastland County","Texas"
"2023/09/25","United States","Century wind farm",200,"operating",42.5537,-93.6874,NA,NA
"2021/11/04","United States","Cerro Gordo wind farm",42,"operating",43.0548,-93.4482,"Cerro Gordo County","Iowa"
"2024/06/04","United States","Charles City wind farm",80,"operating",43.0042,-92.7265,"Floyd County","Iowa"
"2024/07/11","United States","Chevelon Butte wind farm",238,"operating",34.6815,-110.8017,"Navajo County","Arizona"
"2023/09/11","United States","Cheyenne Ridge wind farm",498,"operating",38.9793,-102.323,"Cheyenne County","Colorado"
"2024/09/30","United States","Chickasaw (MidAmerican) wind farm",202.4,"operating",43.1401,-92.3244,"Chickasaw","Iowa"
"2024/06/04","United States","Chilocco wind farm",169.2,"construction",36.9786,-97.0806,"Kay County","Oklahoma"
"2021/11/04","United States","Chisholm View wind farm",65,"operating",36.5255,-97.6952,"Garfield County","Oklahoma"
"2024/07/09","United States","Chokecherry And Sierra Madre Wind Energy Project",792,"construction",41.6831,-107.2001,"Carbon County","Wyoming"
"2024/06/04","United States","Chopin wind farm",10,"operating",45.8941,-118.474,"Umatilla County","Oregon"
"2021/11/04","United States","Cimarron Bend wind farm",200,"operating",37.3771,-99.9468,"Clark County","Kansas"
"2024/06/04","United States","Cimarron I wind farm",165.6,"operating",37.8641,-100.235,"Gray County","Kansas"
"2024/06/04","United States","Cirrus wind farm (U.S.)",61.2,"operating",33.033,-101.673,"Lynn County","Texas"
"2021/11/04","United States","Clear Creek wind farm",220,"operating",40.3698,-94.892,"Nodaway County","Missouri"
"2024/07/09","United States","Clearwater wind farm",208,"operating",46.7896,-106.0021,"Custer County",NA
"2024/06/04","United States","Coachella Hills wind farm",61.2,"operating",33.9077,-116.5801,"Riverside County","California"
"2024/08/27","United States","Coastal Virginia Offshore Wind (CVOW) Commercial Project",2587,"construction",36.8868,-75.4916,"Northampton County","Virginia"
"2024/06/04","United States","Coastal Virginia Offshore Wind (CVOW) Pilot Project",12,"operating",36.8868,-75.4916,"Virginia Beach County","Virginia"
"2024/07/11","United States","Colorado Highlands wind farm",25.1,"operating",40.7438,-102.805,"Logan County","Colorado"
"2021/11/04","United States","Combine Hills wind farm",63,"operating",45.9319,-118.541,"Umatilla County","Oregon"
"2021/11/04","United States","Community Wind North wind farm",26,"operating",44.2655,-96.4293,"Lincoln County","Minnesota"
"2024/06/04","United States","Conception Wind Project",50.4,"operating",40.2392,-94.6714,"Nodaway County","Missouri"
"2021/11/04","United States","Condon Wind Project",25,"operating",45.2826,-120.272,"Gilliam County","Oregon"
"2024/06/04","United States","Contrail wind farm",112.4,"operating",40.5934,-94.9075,"Taylor County","Iowa"
"2024/06/04","United States","Corriedale Wind Energy Project",52.5,"operating",41.1271,-104.9901,"Laramie County","Wyoming"
"2024/06/04","United States","Cottonwood wind farm",89.7,"operating",40.2723,-98.3745,"Webster County","Nebraska"
"2024/06/04","United States","Cow Branch Wind Project",50.4,"operating",40.4844,-95.4577,"Atchison County","Missouri"
"2024/06/04","United States","Coyote Ridge wind farm (United States)",97.4,"operating",44.4587,-96.5241,"Brookings County","South Dakota"
"2024/06/04","United States","Coyote wind farm",242.5,"operating",32.8381,-100.877,"Scurry County","Texas"
"2024/06/04","United States","Crane Creek wind farm",99,"operating",43.4099,-92.5176,"Howard County","Iowa"
"2024/06/04","United States","Crescent Wind Park",150,"operating",41.935,-84.477,"Hillsdale County","Michigan"
"2024/06/04","United States","Crofton Bluffs wind farm",40,"operating",42.7078,-97.5745,"Knox County","Nebraska"
"2021/11/04","United States","Cross Winds Energy Park",76,"operating",43.5948,-83.5287,"Tuscola County","Michigan"
"2024/06/04","United States","Crosswinds wind farm",21,"operating",43.0475,-94.9229,"Palo Alto County","Iowa"
"2024/08/23","United States","Crow Lake wind farm",10.5,"operating",43.9036,-98.7401,"Jerauld County","South Dakota"
"2023/09/04","United States","Crowned Ridge Wind Project",201,"operating",44.8989,-96.8774,"Deuel County","South Dakota"
"2023/09/04","United States","Crystal Lake wind farm",162,"operating",43.2071,-93.8631,"Hancock County","Iowa"
"2022/11/04","United States","Dakota Range Wind Project",154,"operating",45.2676,-97.104,"Grant County","South Dakota"
"2023/09/04","United States","Day County Wind Project",106,"operating",45.2743,-97.917,NA,NA
"2024/09/18","United States","Deerfield (Avangrid) wind farm",30,"operating",42.8612,-72.9644,"Bennington County","Vermont"
"2021/11/04","United States","Deerfield (Liberty Power) wind farm",33,"operating",43.9401,-82.8478,"Huron County","Michigan"
"2024/09/24","United States","Delta wind farm",184.5,"operating",34.4692,-90.3927,"Coahoma County","Mississippi"
"2021/11/04","United States","Desert Sky wind farm",170,"operating",30.9149,-102.078,"Pecos County","Texas"
"2023/08/14","United States","Dewind Little Pringle wind farm",10,"operating",35.9643,-101.5402,"Hutchinson County","Texas"
"2024/06/04","United States","Diablo Winds wind farm",18,"operating",37.7746,-121.658,"Alameda County","California"
"2024/06/04","United States","Diamond Spring wind farm",303.5,"operating",34.4874,-96.7805,"Johnston County","Oklahoma"
"2022/11/04","United States","Diamond Trail wind farm",84,"operating",41.6934,-92.1786,"Iowa County","Iowa"
"2021/11/04","United States","Diamond Willow wind farm",18,"operating",46.2739,-104.192,"Fallon County","Montana"
"2024/06/04","United States","Dillon wind farm",45,"operating",33.9166,-116.569,"Riverside County","California"
"2021/11/04","United States","Dry Lake wind farm",63,"operating",34.6706,-110.258,"Navajo County","Arizona"
"2024/06/04","United States","Duran Mesa wind farm",105,"operating",34.3907,-105.492,"Lincoln County","New Mexico"
"2023/09/18","United States","Dutch Hill Wind Project",68,"operating",42.5523,-77.4145,NA,NA
"2024/06/04","United States","EDF Renewable Windfarm V Inc wind farm",15.5,"operating",38.1167,-121.8333,"Solano County","California"
"2024/06/04","United States","East Fork wind farm",195.8,"operating",39.3186,-100.8662,"Thomas County","Kansas"
"2021/11/04","United States","Echo Wind Park",50,"operating",43.8825,-83.1614,"Huron County","Michigan"
"2024/06/04","United States","Eight Point wind farm",101.2,"operating",42.1016,-77.7011,"Steuben County","New York"
"2024/06/04","United States","El Algodon Alto wind farm",200.2,"operating",27.9927,-97.744,"San Patricio County","Texas"
"2024/06/04","United States","El Campo wind farm (United States)",242.8,"operating",33.732,-99.7347,"Knox County","Texas"
"2021/11/04","United States","Elbow Creek wind farm",122,"operating",32.1325,-101.416,"Howard County","Texas"
"2024/06/04","United States","Electra wind farm (United States)",230,"operating",34.1264,-99.0377,"Wilbarger County","Texas"
"2023/08/21","United States","Elk City wind farm",101,"operating",35.4985,-99.6587,"Roger Mills County","Oklahoma"
"2024/06/04","United States","Elkhorn Ridge wind farm",81,"operating",42.6909,-97.6252,"Knox County","Nebraska"
"2021/11/04","United States","Elm Creek wind farm",99,"operating",43.7575,-94.8927,"Jackson County","Minnesota"
"2021/11/04","United States","Endeavor wind farm",150,"operating",43.3891,-95.4025,"Osceola County","Iowa"
"2024/06/04","United States","Evanston Wyoming Wind Energy Center",144,"operating",41.3263,-110.801,"Uinta County","Wyoming"
"2024/06/04","United States","Ewington wind farm",22.5,"operating",43.6173,-95.4319,"Jackson County","Minnesota"
"2024/06/04","United States","Fairbanks Wind Park",72.8,"operating",45.691,-86.6395,"Delta County","Michigan"
"2024/06/04","United States","Falvez Astra wind farm",163,"operating",34.7615,-102.084,"Randall County","Texas"
"2024/06/04","United States","Fenner Wind Power Project",30,"operating",42.9769,-75.7603,"Madison County","New York"
"2021/11/04","United States","Fire Island wind farm",18,"operating",61.1395,-150.216,"Anchorage","Alaska"
"2024/08/19","United States","Flat Ridge wind farm",153,"construction",37.3934,-98.0307,NA,NA
"2024/06/04","United States","Flat Top wind farm",200,"operating",31.5523,-98.537,"Mills County","Texas"
"2024/06/04","United States","Flying Cloud wind farm",43.5,"operating",43.3989,-95.3371,"Dickinson County","Iowa"
"2021/11/04","United States","Foote Creek wind farm",41,"operating",41.6283,-106.201,"Carbon County","Wyoming"
"2024/09/30","United States","Ford County wind farm",121.3,"operating",40.5171,-88.3362,"Ford County","Illinois"
"2021/11/04","United States","Forward (Invenergy) Wind Project",99,"operating",43.6584,-88.5096,"Fond du Lac County","Wisconsin"
"2024/06/04","United States","Fossil Gulch wind farm",10.5,"operating",42.8544,-114.9501,"Gooding County","Idaho"
"2024/07/25","United States","Fowler Ridge wind farm",99,"operating",40.5839,-87.3336,NA,NA
"2024/06/04","United States","Foxtail wind farm",150,"operating",46.1295,-98.8955,"Dickey County","North Dakota"
"2024/06/04","United States","Freeborn wind farm",218,"operating",43.5188,-93.1869,"Freeborn County","Minnesota"
"2021/11/04","United States","Frontier wind farm",200,"operating",36.8357,-97.2494,"Kay County","Oklahoma"
"2021/11/04","United States","Glacier wind farm",106,"operating",48.5172,-112.113,"Toole County","Montana"
"2024/06/04","United States","Glaciers Edge wind farm",211.7,"operating",42.8611,-95.748,"Cherokee County","Iowa"
"2024/06/04","United States","Glass Sands wind farm",117,"operating",34.5149,-96.9106,"Murray County","Oklahoma"
"2023/09/04","United States","Glenrock wind farm",165,"operating",43.0467,-105.8197,NA,NA
"2021/11/04","United States","Goat wind farm",70,"operating",31.9616,-100.789,"Coke County","Texas"
"2023/09/04","United States","Golden Hills (California) wind farm",46,"operating",37.7464,-121.616,"Alameda County","California"
"2024/06/04","United States","Golden Plains wind farm",199.8,"operating",43.3518,-94.0351,"Winnebago County","Iowa"
"2024/06/04","United States","Golden West wind farm",250,"operating",38.9244,-104.224,"El Paso County","Colorado"
"2024/06/04","United States","Goodland I wind farm",130.5,"operating",40.6911,-87.5036,"Benton County","Indiana"
"2024/06/04","United States","Goodwell wind farm",200,"operating",36.508,-101.662,"Texas County","Oklahoma"
"2024/06/04","United States","Goshen North wind farm",124.5,"operating",43.4617,-111.831,"Bonneville County","Idaho"
"2024/08/19","United States","Grand Meadow wind farm",100,"operating",43.7066,-92.6954,"Mower County","Minnesota"
"2021/11/04","United States","Grand Ridge Wind Energy Center",50,"operating",41.1623,-88.7503,"LaSalle County","Illinois"
"2024/06/04","United States","Grande Prairie wind farm",400,"operating",42.5607,-98.4443,"Holt County","Nebraska"
"2021/11/04","United States","Grandview wind farm",200,"operating",35.3038,-101.037,"Gray County","Texas"
"2024/06/04","United States","Granite Reliable Power wind farm",99,"operating",44.7532,-71.2987,"Coos County","New Hampshire"
"2024/06/04","United States","Grant Wind",151.8,"operating",36.9446,-97.7344,"Grant County","Oklahoma"
"2021/11/04","United States","Gratiot Wind Park",102,"operating",43.3958,-84.4184,"Gratiot County","Michigan"
"2024/06/04","United States","Gray County wind farm",112.2,"operating",37.6133,-100.355,"Gray County","Kansas"
"2024/09/30","United States","Great Pathfinder wind farm",224.4,"operating",42.2141,-93.8767,"Hamilton County","Iowa"
"2024/09/24","United States","Great Prairie wind farm",210,"operating",36.3701,-101.5551,"Hansford County","Texas"
"2024/06/04","United States","Great Western wind farm",225,"operating",36.1478,-99.6299,"Ellis County","Oklahoma"
"2024/06/04","United States","Green Mountain Power wind farm",100.5,"operating",40.355,-89.4063,"Tazewell County","Illinois"
"2021/11/04","United States","Green Pastures wind farm",150,"operating",33.6747,-99.3878,"Baylor County","Texas"
"2024/06/04","United States","Green River wind farm",194.3,"operating",41.6083,-89.5005,"Lee County","Illinois"
"2024/06/04","United States","Greensburg wind farm",12.5,"operating",37.5496,-99.3415,"Kiowa County","Kansas"
"2024/09/30","United States","Griffin Trail wind farm",225.6,"operating",33.6093,-99.5823,"Knox County","Texas"
"2024/06/04","United States","Groton wind farm",48,"operating",43.7646,-71.8232,"Grafton County","New Hampshire"
"2024/06/04","United States","Gunsight wind farm",120,"operating",32.4812,-101.429,"Howard County","Texas"
"2021/11/04","United States","Hale Community wind farm",478,"operating",33.9119,-101.628,"Hale County","Texas"
"2024/06/04","United States","Hancock County wind farm",98,"operating",42.9422,-93.664,"Hancock County","Iowa"
"2024/06/04","United States","Happy Jack Windpower Project",29.4,"operating",41.1413,-105.009,"Laramie County","Wyoming"
"2024/06/04","United States","Hardscrabble wind farm",74,"operating",43.1973,-74.902,"Herkimer County","New York"
"2021/11/04","United States","Harvest (Exelon) wind farm",53,"operating",43.835,-83.2165,"Huron County","Michigan"
"2024/06/04","United States","Harvest (WA) wind farm",98.9,"operating",45.7874,-120.412,"Klickitat County","Washington"
"2024/06/04","United States","Hatchet Ridge wind farm",101.2,"operating",40.8987,-121.801,"Shasta County","California"
"2024/06/04","United States","Hay Canyon wind farm",100.8,"operating",45.5164,-120.602,"Sherman County","Oregon"
"2021/11/04","United States","Headwaters wind farm",200,"operating",40.1097,-84.995,"Randolph County","Indiana"
"2024/06/04","United States","Heart Of Texas wind farm",180,"operating",31.2185,-99.4171,"McCulloch County","Texas"
"2023/08/21","United States","Heartland Divide wind farm",200,"operating",41.7588,-94.7951,"Audubon County","Iowa"
"2024/09/30","United States","Helena wind farm",268.2,"operating",28.6245,-97.9375,"Bee County","Texas"
"2021/11/04","United States","Heritage Garden wind farm",28,"operating",45.7852,-86.5589,"Delta County","Michigan"
"2024/09/24","United States","Hidalgo wind farm",100,"operating",26.5381,-98.3375,"Hidalgo County","Texas"
"2023/09/11","United States","High Lonesome Mesa wind farm",99,"operating",34.489,-105.969,NA,NA
"2021/11/04","United States","High Lonesome wind farm",51,"operating",31.1081,-101.916,"Upton County","Texas"
"2024/06/04","United States","High Sheldon wind farm",112.5,"operating",42.7245,-78.4076,"Wyoming County","New York"
"2021/11/04","United States","High Winds wind farm",16,"operating",38.149,-121.795,"Solano County","California"
"2024/08/23","United States","Highland (MidAmerican) Wind Project",86.8,"operating",43.0803,-95.6561,"O'Brien County","Iowa"
"2024/07/18","United States","Historic Victory Garden wind farm",24.6,"operating",35.0706,-118.379,"Kern County","California"
"2024/06/04","United States","Hog Creek Wind Project",66,"operating",40.7665,-83.7147,"Hardin County","Ohio"
"2024/06/04","United States","Hoopeston wind farm",98,"operating",40.3854,-87.7915,"Vermilion County","Illinois"
"2024/09/24","United States","Horizon Hill Wind Project",201.5,"operating",35.9894,-97.5895,"Logan County","Oklahoma"
"2024/06/04","United States","Horse Butte wind farm",57.6,"operating",43.4026,-111.741,"Bonneville County","Idaho"
"2023/09/25","United States","Horse Hollow Wind Energy Center",299,"operating",32.2526,-100.148,NA,NA
"2024/09/24","United States","Hubbard wind farm",300,"operating",31.7747,-96.8282,"Limestone County","Texas"
"2021/11/04","United States","Ida Grove wind farm",93,"operating",42.2643,-95.3557,"Ida County","Iowa"
"2025/01/08","United States","Indiana Crossroads wind farm",202,"construction",40.7794,-87.0421,"White County","Indiana"
"2024/09/30","United States","Inertia Wind Project",301,"operating",33.1983,-99.3906,"Haskell County","Texas"
"2021/11/04","United States","Intrepid wind farm",15,"operating",42.5302,-95.3701,"Sac County","Iowa"
"2021/11/04","United States","Iowa Lakes wind farm",10,"operating",43.3762,-94.144,"Kossuth County","Iowa"
"2024/06/04","United States","Irish Creek wind farm",300.6,"operating",39.6987,-96.5513,"Marshall County","Kansas"
"2024/06/04","United States","Ironwood wind farm",167.9,"operating",37.8386,-99.774,"Ford County","Kansas"
"2024/06/04","United States","Ivester wind farm",90.8,"operating",42.3322,-92.9659,"Grundy County","Iowa"
"2021/11/04","United States","JD wind farm",10,"operating",35.8114,-101.995,"Moore County","Texas"
"2021/11/04","United States","Javelina wind farm",250,"operating",27.3115,-98.9772,"Webb County","Texas"
"2022/09/16","United States","Jeffers wind farm",44,"operating",44.061,-95.239,"Cottonwood County","Minnesota"
"2024/06/04","United States","Jericho Rise wind farm",77.7,"operating",44.8888,-74.104,"Franklin County","New York"
"2024/06/04","United States","Jordan Creek wind farm",398.6,"operating",40.4578,-87.383,"Warren County","Indiana"
"2024/06/04","United States","Judith Gap wind farm",135,"operating",46.5872,-109.744,"Wheatland County","Montana"
"2024/06/04","United States","Jumbo Hill wind farm",160.7,"operating",32.3818,-102.9101,"Andrews County","Texas"
"2024/06/04","United States","Juniper Canyon wind farm",151.2,"operating",45.9445,-120.229,"Klickitat County","Washington"
"2021/11/04","United States","Kaheawa wind farm",21,"operating",20.8001,-156.539,"Maui County","Hawaii"
"2024/06/04","United States","Kahuku wind farm",30,"operating",21.6804,-157.982,"Honolulu County","Hawaii"
"2024/06/04","United States","Karankawa wind farm",307.1,"operating",28.1738,-97.811,"San Patricio County","Texas"
"2024/06/04","United States","Kay wind farm",299,"operating",36.984,-97.2084,"Kay County","Oklahoma"
"2024/06/04","United States","Keenan II wind farm",151.8,"operating",36.2808,-99.5031,"Woodward County","Oklahoma"
"2021/11/04","United States","Kibby Mountain Wind Facility",66,"operating",45.3936,-70.5368,"Franklin County","Maine"
"2023/08/14","United States","King Creek wind farm",209,"operating",33.2762,-99.4466,"Throckmorton County","Texas"
"2024/06/04","United States","Kingdom Community wind farm",65,"operating",44.7509,-72.4249,"Orleans County","Vermont"
"2024/06/04","United States","Kingman Wind Energy Center",107.4,"operating",37.5772,-98.1768,"Pratt County","Kansas"
"2024/06/04","United States","Kings Point Wind Energy Center",149.4,"operating",37.2698,-94.042,"Lawrence County","Missouri"
"2023/09/25","United States","Klondike wind farm",80,"operating",45.5916,-120.589,NA,NA
"2024/09/24","United States","Kossuth County Wind",70,"operating",42.9867,-94.1336,"Kossuth County","Iowa"
"2024/06/04","United States","Kumeyaay wind farm",50,"operating",32.7217,-116.344,"San Diego County","California"
"2024/06/04","United States","La Chalupa wind farm",198.5,"operating",26.2499,-97.5118,"Cameron County","Texas"
"2023/09/18","United States","La Joya NM wind farm",141,"operating",34.81,-105.74,"Torrance County","New Mexico"
"2024/06/04","United States","Lakefield wind farm",205.5,"operating",43.6634,-95.1497,"Jackson County","Minnesota"
"2024/06/04","United States","Lakota Ridge wind farm",11.2,"operating",44.3874,-96.4292,"Lincoln County","Minnesota"
"2023/09/11","United States","Langdon wind farm",170,"operating",48.5829,-98.2555,NA,NA
"2021/11/04","United States","Langford Wind Power Farm",160,"operating",31.0696,-100.685,"Schleicher County","Texas"
"2024/06/04","United States","Las Lomas wind farm",201.6,"operating",26.6614,-99.0901,"Zapata County","Texas"
"2024/06/04","United States","Laurel Hill wind farm",69,"operating",41.5269,-77.0462,"Lycoming County","Pennsylvania"
"2024/06/04","United States","Laurel wind farm (United States)",123.4,"operating",41.9191,-92.9566,"Marshall County","Iowa"
"2024/06/04","United States","Leaning Juniper II wind farm",199.2,"operating",45.5781,-120.178,"Gilliam County","Oregon"
"2024/06/04","United States","Ledyard wind farm",207,"operating",43.4392,-94.1589,"Kossuth County","Iowa"
"2024/06/04","United States","Lempster wind farm",24,"operating",43.2457,-72.1388,"Sullivan County","New Hampshire"
"2021/11/04","United States","Limon wind farm",201,"operating",39.3586,-103.369,"Lincoln County","Colorado"
"2024/06/04","United States","Linden wind farm",50,"operating",45.7509,-120.762,"Klickitat County","Washington"
"2024/06/04","United States","Little Elk Wind Project",74,"operating",35.1882,-98.8868,"Washita County","Oklahoma"
"2024/06/04","United States","Lockett wind farm",183.8,"operating",34.108,-99.2097,"Wilbarger County","Texas"
"2022/11/04","United States","Locust Ridge wind farm",102,"operating",40.8398,-76.2095,"Schuylkill County","Pennsylvania"
"2021/11/04","United States","Lone Star wind farm",200,"operating",32.6357,-99.4554,"Shackelford County","Texas"
"2024/06/04","United States","Lone Tree wind farm",79,"operating",41.2175,-89.5764,"Bureau County","Illinois"
"2024/06/04","United States","Longhorn wind farm",200,"operating",34.2772,-101.189,"Briscoe County","Texas"
"2024/09/19","United States","Loraine Windpark Project",100,"operating",32.4673,-100.687,"Mitchell County","Texas"
"2024/06/04","United States","Lorenzo Wind Energy Center",80,"operating",33.7463,-101.436,"Crosby County","Texas"
"2021/11/04","United States","Los Vientos wind farm (United States)",200,"operating",26.5482,-98.7101,"Starr County","Texas"
"2024/06/04","United States","Lost Creek Ridge wind farm",150,"operating",39.9744,-94.552,"DeKalb County","Missouri"
"2021/11/04","United States","Luverne (Otter Tail) Wind Energy Center",50,"operating",47.3505,-97.9509,"Steele County","North Dakota"
"2024/06/04","United States","Macho Springs wind farm",50.4,"operating",32.5602,-107.521,"Luna County","New Mexico"
"2024/06/04","United States","Madison Windpower Farm",11.5,"operating",42.8929,-75.4534,"Madison County","New York"
"2021/11/04","United States","Majestic wind farm",80,"operating",35.386,-101.579,"Carson County","Texas"
"2024/06/04","United States","Mammoth Plains wind farm",199,"operating",36.0271,-98.7542,"Dewey County","Oklahoma"
"2021/11/04","United States","Maple Ridge wind farm",137,"operating",43.8263,-75.5962,"Lewis County","New York"
"2023/09/11","United States","Marengo Wind Plant",234,"operating",46.3637,-117.858,"Columbia County","Washington"
"2024/06/04","United States","Mars Hill wind farm",42,"operating",46.537,-67.8136,"Aroostook County","Maine"
"2024/06/04","United States","Marshall (BHE) wind farm",73.8,"operating",39.8611,-96.3724,"Marshall County","Kansas"
"2024/06/04","United States","Maverick Wind Project",288,"operating",36.2999,-98.1619,"Major County","Oklahoma"
"2024/06/04","United States","Mckinley Wind Park",14.4,"operating",43.8806,-83.2651,"Huron County","Michigan"
"2024/06/04","United States","Meadow Creek wind farm",119.7,"operating",43.5585,-111.813,"Bonneville County","Idaho"
"2021/11/04","United States","Meadow Lake wind farm",200,"operating",39.9619,-89.3059,"Logan County","Illinois"
"2021/11/04","United States","Meridian Way wind farm",105,"operating",39.4263,-97.5622,"Cloud County","Kansas"
"2024/06/04","United States","Merricourt Wind Energy Center",150,"operating",46.1054,-99.0059,"McIntosh County","North Dakota"
"2024/06/04","United States","Mesa Wind Repower wind farm",30,"operating",33.9461,-116.6769,"Riverside County","California"
"2024/06/04","United States","Mesquite Sky wind farm",293.3,"operating",32.4392,-99.4028,"Callahan County","Texas"
"2024/06/04","United States","Meste√±o wind farm",201.6,"operating",26.4905,-98.7305,"Starr County","Texas"
"2024/06/04","United States","Miami Wind Energy Center",288.6,"operating",35.6481,-100.543,"Roberts County","Texas"
"2021/11/04","United States","Michigan wind farm",90,"operating",43.6514,-82.7151,"Sanilac County","Michigan"
"2024/06/04","United States","Midway wind farm",162.9,"operating",27.953,-97.3336,"San Patricio County","Texas"
"2021/11/04","United States","Milford Wind Corridor wind farm",102,"operating",38.5982,-112.899,"Millard County","Utah"
"2024/06/04","United States","Mill Run wind farm",15,"operating",39.9297,-79.3856,"Somerset County","Pennsylvania"
"2023/09/11","United States","Milligan 1 wind farm",99,"operating",40.5274,-97.1915,"Saline County","Nebraska"
"2024/06/04","United States","Milner Dam wind farm",19.5,"operating",42.4562,-114.019,"Cassia County","Idaho"
"2023/09/25","United States","Minco wind farm",98,"operating",35.3237,-98.0737,NA,NA
"2024/06/04","United States","Minden Wind Park",32,"operating",43.6219,-82.8071,"Sanilac County","Michigan"
"2021/11/04","United States","Minn-Dakota wind farm",54,"operating",44.3283,-96.4768,"Brookings County","South Dakota"
"2024/06/04","United States","Mojave 3, 4, & 5 wind farm",75,"operating",35.0506,-118.257,"Kern County","California"
"2021/11/04","United States","Montague Wind Power Facility",201,"operating",45.5755,-120.113,"Gilliam County","Oregon"
"2021/11/04","United States","Montezuma wind farm",37,"operating",38.1626,-121.793,"Solano County","California"
"2024/06/04","United States","Montfort wind farm",30,"operating",42.963,-90.368,"Iowa County","Wisconsin"
"2021/11/04","United States","Moraine Wind Power Project",51,"operating",44.0886,-96.0629,"Pipestone County","Minnesota"
"2024/06/04","United States","Morning Light wind farm",110.8,"operating",41.4079,-94.5777,"Adair County","Iowa"
"2024/06/04","United States","Mountain Breeze wind farm",171.7,"operating",40.9971,-103.993,"Weld County","Colorado"
"2021/11/04","United States","Mountain View wind farm",22,"operating",33.9141,-116.592,"Riverside County","California"
"2021/11/04","United States","Mountain wind farm (United States)",61,"operating",41.2847,-110.519,"Uinta County","Wyoming"
"2024/06/04","United States","Mountaineer Wind Energy Center",66,"operating",39.2076,-79.515,"Tucker County","West Virginia"
"2024/06/04","United States","Mozart wind farm",30,"operating",32.9946,-100.522,"Kent County","Texas"
"2021/11/04","United States","Musselshell wind farm",10,"operating",46.287,-109.472,"Wheatland County","Montana"
"2024/09/26","United States","Mustang Hills wind farm",150,"operating",35.0179,-118.314,"Kern County","California"
"2024/06/04","United States","Na Pua Makani Wind Project",27.6,"operating",21.6692,-157.9501,"Honolulu County","Hawaii"
"2021/11/04","United States","Nedpower Mount Storm wind farm",100,"operating",39.2317,-79.2037,"Grant County","West Virginia"
"2024/06/04","United States","New Creek wind farm",103,"operating",39.2259,-79.1303,"Grant County","West Virginia"
"2024/06/04","United States","New Frontier wind farm",100,"operating",47.8718,-100.933,"McHenry County","North Dakota"
"2024/06/04","United States","New Mexico Wind Energy Center",204,"operating",34.5374,-104.081,"Quay County","New Mexico"
"2021/11/04","United States","Nine Canyon wind farm",32,"operating",46.0954,-119.136,"Benton County","Washington"
"2024/06/04","United States","Niyol wind farm",205.6,"operating",40.633,-102.9265,"Logan County","Colorado"
"2021/11/04","United States","Noble Bliss wind farm",100,"operating",42.5413,-78.2916,"Wyoming County","New York"
"2021/11/04","United States","Noble Chateaugay wind farm",106,"operating",44.9247,-74.0245,"Franklin County","New York"
"2021/11/04","United States","Noble Clinton wind farm",100,"operating",44.938,-73.9902,"Clinton County","New York"
"2021/11/04","United States","Noble Ellenburg wind farm",81,"operating",44.8599,-74.0031,"Clinton County","New York"
"2024/06/04","United States","Noble Great Plains wind farm",114,"operating",36.4884,-101.368,"Hansford County","Texas"
"2023/09/18","United States","Nobles wind farm",250,"operating",43.7849,-95.8983,"Nobles County","Minnesota"
"2024/09/26","United States","North Bend Wind Project",200,"operating",44.3773,-99.6601,"Hyde County","South Dakota"
"2021/11/04","United States","North Dakota wind farm",21,"operating",46.318,-98.8732,"LaMoure County","North Dakota"
"2023/09/11","United States","North English wind farm",140,"operating",41.6328,-92.4334,"Poweshiek County","Iowa"
"2024/06/04","United States","North Sky River wind farm",162,"operating",35.3064,-118.226,"Kern County","California"
"2024/09/26","United States","Northeast Colorado Wind",176,"operating",40.9808,-102.804,NA,NA
"2024/06/04","United States","Northern Wind Site",100,"operating",43.9679,-96.0084,"Murray County","Minnesota"
"2021/11/04","United States","Notrees Windpower Hybrid",92,"operating",31.9667,-102.809,"Winkler County","Texas"
"2024/09/25","United States","Number Three wind farm",106,"operating",43.8396,-75.5699,"Lewis County","New York"
"2021/11/04","United States","O'Brien wind farm",109,"operating",43.2157,-95.5512,"O'Brien County","Iowa"
"2024/06/04","United States","Oak Glen Wind Project",44,"operating",43.9106,-93.1282,"Steele County","Minnesota"
"2024/06/04","United States","Oakfield Wind Project",148,"operating",46.0844,-68.1133,"Aroostook County","Maine"
"2024/09/25","United States","Ocotillo (Clearway) Windpower",55,"operating",32.1576,-101.397,"Howard County","Texas"
"2024/06/04","United States","Odell wind farm",200,"operating",43.839,-94.9529,"Cottonwood County","Minnesota"
"2023/09/25","United States","Oklahoma Wind Energy Center",102,"operating",36.5801,-99.283,NA,NA
"2025/01/08","United States","Oliver County Wind Energy Center",202,"construction",47.1071,-101.3343,NA,NA
"2022/11/04","United States","Orchard wind farm",10,"operating",45.3801,-119.333,"Morrow County","Oregon"
"2024/06/04","United States","Oregon Trail wind farm",13.5,"operating",42.8494,-114.9903,"Twin Falls County","Idaho"
"2021/11/04","United States","Orient wind farm",399,"operating",41.2568,-94.4061,"Adair County","Iowa"
"2024/11/14","United States","Osage wind farm",150.4,"operating",36.7224,-96.6613,"Osage County","Oklahoma"
"2024/09/25","United States","Osagrove Flats Wind",150,"construction",40.9414,-88.9715,"LaSalle County","Illinois"
"2024/06/04","United States","Osborn wind farm",200.9,"operating",39.8932,-94.4797,"DeKalb County","Missouri"
"2021/11/04","United States","Oso Grande wind farm",216,"operating",33.102,-103.743,"Lea County","New Mexico"
"2024/06/04","United States","Ou Spirit wind farm",101.2,"operating",36.3316,-99.4315,"Woodward County","Oklahoma"
"2024/06/04","United States","Pakini Nui wind farm",21,"operating",18.978,-155.688,"Hawaii County","Hawaii"
"2024/06/04","United States","Palmas Altas wind farm",144.9,"operating",26.2736,-97.4961,"Cameron County","Texas"
"2023/08/14","United States","Palo Alto wind farm (United States)",250,"operating",43.2178,-94.5827,"Palo Alto County","Iowa"
"2024/06/04","United States","Palo Duro wind farm",249.9,"operating",36.4567,-101.001,"Ochiltree County","Texas"
"2021/11/04","United States","Panhandle wind farm",182,"operating",35.4397,-101.419,"Carson County","Texas"
"2024/06/04","United States","Pantex Renewable Energy Wind Project",11.5,"operating",35.3227,-101.536,"Carson County","Texas"
"2023/09/11","United States","Panther Creek (RWE) wind farm",215,"operating",31.997,-101.147,"Sterling County","Texas"
"2021/11/04","United States","Papalote Creek wind farm",180,"operating",27.9033,-97.4192,"San Patricio County","Texas"
"2024/06/04","United States","Passadumkeag Wind",42.9,"operating",45.1273,-68.3433,"Penobscot County","Maine"
"2024/09/30","United States","Patton wind farm",30,"operating",40.6199,-78.7088,"Cambria County","Pennsylvania"
"2024/06/04","United States","Pebble Springs wind farm",98.7,"operating",45.6869,-120.096,"Gilliam County","Oregon"
"2023/08/21","United States","Peetz Table (NextEra) wind farm",200,"operating",40.9988,-103.375,"Logan County","Colorado"
"2023/09/11","United States","Pegasus wind farm",49,"operating",43.489,-83.5706,"Tuscola County","Michigan"
"2021/11/04","United States","Penescal Wind Power",202,"operating",27.1246,-97.4706,"Kenedy County","Texas"
"2024/06/04","United States","Persimmon Creek wind farm",198.6,"operating",36.1794,-99.3409,"Woodward County","Oklahoma"
"2024/06/04","United States","Peyton Creek wind farm",151.2,"operating",28.8678,-95.9168,"Matagorda County","Texas"
"2024/06/04","United States","Pilot Hill wind farm",175,"operating",40.9934,-88.0799,"Kankakee County","Illinois"
"2024/06/04","United States","Pine River Wind Park",161.3,"operating",43.4976,-84.6727,"Isabella County","Michigan"
"2021/11/04","United States","Pine Tree Wind Power Project",15,"operating",35.2768,-118.198,"Kern County","California"
"2021/11/04","United States","Pinyon Pines wind farm",168,"operating",35.0594,-118.217,"Kern County","California"
"2021/11/04","United States","Pioneer Prairie wind farm",198,"operating",43.4916,-92.6199,"Mitchell County","Iowa"
"2024/06/04","United States","Pioneer Trail wind farm",150.4,"operating",40.4544,-88.0148,"Iroquois County","Illinois"
"2024/06/04","United States","Pleasant Hill Wind Energy Project",20,"operating",33.7441,-101.484,"Crosby County","Texas"
"2024/06/04","United States","Point wind farm",64.5,"operating",35.0808,-118.361,"Kern County","California"
"2023/09/11","United States","Pomeroy wind farm",265,"operating",42.5643,-94.7309,NA,NA
"2024/06/04","United States","Post Rock Wind Power Project",201,"operating",38.8968,-98.3357,"Ellsworth County","Kansas"
"2021/11/04","United States","Power County Wind Park",22,"operating",42.7083,-112.761,"Power County","Idaho"
"2021/11/04","United States","Prairie Breeze wind farm",36,"operating",41.9736,-97.852,"Antelope County","Nebraska"
"2024/06/04","United States","Prairie Queen wind farm",199.3,"operating",37.9918,-95.2782,"Allen County","Kansas"
"2024/06/04","United States","Prairie Star wind farm",100.7,"operating",43.6633,-92.5795,"Mower County","Minnesota"
"2024/06/04","United States","Priddy Wind Project",302.4,"operating",31.5794,-98.4958,"Mills County","Texas"
"2024/06/04","United States","Radfords Run wind farm",278,"operating",39.9986,-89.0965,"Dewitt County","Illinois"
"2024/06/04","United States","Ranchero wind farm",300,"operating",31.0362,-101.629,"Crockett County","Texas"
"2023/08/14","United States","Ranchland Wind Project",148,"operating",32.307,-99.165,"Callahan County","Texas"
"2024/06/04","United States","Rattlesnake (Invenergy) wind farm",207.2,"operating",31.695,-101.386,"Glasscock County","Texas"
"2024/06/04","United States","Rattlesnake Flat wind farm",144,"operating",46.8692,-118.413,"Adams County","Washington"
"2023/09/25","United States","Raymond wind farm",240,"operating",26.3767,-97.993,"Hidalgo County","Texas"
"2024/06/04","United States","Red Barn wind farm",91.6,"operating",42.9514,-90.4407,"Grant County","Wisconsin"
"2023/09/11","United States","Red Canyon Wind Energy",84,"operating",32.9836,-101.246,NA,NA
"2024/06/04","United States","Red Dirt Wind Project",299.3,"operating",36.0368,-97.7584,"Kingfisher County","Oklahoma"
"2024/06/04","United States","Red Horse 2 wind farm",30,"operating",32.3096,-110.087,"Cochise County","Arizona"
"2024/06/04","United States","Red Pine Wind Project",200,"operating",44.4273,-96.1537,"Lincoln County","Minnesota"
"2024/06/04","United States","Reloj Del Sol wind farm",209.4,"operating",27.0979,-99.3451,"Zapata County","Texas"
"2021/11/04","United States","Ridgetop wind farm",29,"operating",35.0818,-118.304,"Kern County","California"
"2024/06/04","United States","Ridgewind wind farm",25.3,"operating",44.0384,-96.0186,"Pipestone County","Minnesota"
"2024/06/04","United States","Ringer Hill wind farm",39.9,"operating",39.7312,-79.2007,"Somerset County","Pennsylvania"
"2021/11/04","United States","Rising Tree wind farm",99,"operating",35.0612,-118.259,"Kern County","California"
"2024/09/25","United States","Rock Aetna wind farm",20,"operating",44.0227,-96.0523,"Murray County","Minnesota"
"2024/06/04","United States","Rock Falls wind farm",154.5,"operating",36.9143,-97.4168,"Kay County","Oklahoma"
"2024/06/04","United States","Rockhaven Wind Project",140,"operating",34.4137,-97.3279,"Garvin County","Oklahoma"
"2024/06/04","United States","Rocksprings wind farm",149.3,"operating",29.7449,-100.784,"Val Verde County","Texas"
"2024/06/04","United States","Rocky Ridge Wind Project",148.8,"operating",35.1803,-98.9782,"Kiowa County","Oklahoma"
"2021/11/04","United States","Roscoe Wind Farm Project",249,"operating",32.5604,-100.626,"Fisher County","Texas"
"2024/06/04","United States","Rosiere wind farm",11,"operating",44.6697,-87.6273,"Kewaunee County","Wisconsin"
"2021/11/04","United States","Roth Rock wind farm",40,"operating",39.2776,-79.4451,"Garrett County","Maryland"
"2024/07/25","United States","Roundhouse Wind Energy Project",100,"operating",41.0547,-104.9954,"Laramie County","Wyoming"
"2024/06/04","United States","Roxwind wind farm",15.3,"operating",44.6139,-70.6187,"Oxford County","Maine"
"2024/06/04","United States","Rush Creek wind farm",600,"operating",39.1036,-103.227,"Elbert County","Colorado"
"2024/09/30","United States","Sac County wind farm",80,"operating",42.4243,-95.1741,"Sac County","Iowa"
"2024/06/04","United States","Sagamore Wind",522,"operating",33.832,-103.311,"Roosevelt County","New Mexico"
"2024/06/04","United States","Sagebrush wind farm",100.7,"operating",47.1425,-120.715,"Kittitas County","Washington"
"2024/06/04","United States","San Roman wind farm",95.3,"operating",26.1189,-97.3431,"Cameron County","Texas"
"2021/11/04","United States","Sandy Ridge wind farm",50,"operating",40.7249,-78.2976,"Blair County","Pennsylvania"
"2024/06/04","United States","Santa Rita wind farm (United States)",300,"operating",31.1856,-101.371,"Reagan County","Texas"
"2024/06/04","United States","Saratoga wind farm",66,"operating",43.3929,-92.3341,"Howard County","Iowa"
"2024/06/04","United States","Scioto Ridge wind farm",249.8,"operating",40.5619,-83.7675,"Logan County","Ohio"
"2021/11/04","United States","Seiling wind farm",100,"operating",36.1817,-98.9589,"Woodward County","Oklahoma"
"2024/06/04","United States","Senate wind farm",150,"operating",33.2108,-98.3557,"Jack County","Texas"
"2024/06/04","United States","Settler's Trail wind farm",150.4,"operating",40.7529,-87.5787,"Iroquois County","Illinois"
"2023/09/11","United States","Seven Mile Hill wind farm",146,"operating",41.9522,-106.366,NA,NA
"2024/09/25","United States","Shady Oaks wind farm",110,"operating",41.6579,-89.0687,"Lee County","Illinois"
"2024/09/25","United States","Shamrock Wind",223.9,"operating",30.936,-101.607,"Crockett County","Texas"
"2024/06/04","United States","Shaokatan Hills wind farm",11.8,"operating",44.3949,-96.4322,"Lincoln County","Minnesota"
"2023/09/11","United States","Sherbino II wind farm",128,"operating",30.7835,-102.526,"Pecos County","Texas"
"2021/11/04","United States","Shiloh Wind Project",102,"operating",38.141,-121.855,"Solano County","California"
"2024/06/04","United States","Sholes Wind Energy Center",160,"operating",42.2995,-97.3638,"Wayne County","Nebraska"
"2024/06/04","United States","Sigel Wind Park",64,"operating",43.8465,-82.8197,"Huron County","Michigan"
"2024/12/18","United States","Silver Maple wind farm",20,"operating",44.5085,-69.4374,"Penobscot County","Maine"
"2024/06/04","United States","Silver Sage wind farm",42,"operating",41.137,-105.029,"Laramie County","Wyoming"
"2024/06/04","United States","Skeleton Creek Energy Center Hybrid Wind",250,"operating",36.5337,-98.227,"Garfield County","Oklahoma"
"2024/06/04","United States","Slate Creek Wind Project",150,"operating",37.1133,-97.2599,"Sumner County","Kansas"
"2023/09/18","United States","Smoky Hills Wind Project",264,"operating",38.8792,-98.0461,NA,NA
"2024/07/18","United States","Solano Wind Project",63,"operating",38.0938,-121.772,"Solano County","California"
"2024/06/04","United States","Soldier Creek Wind Energy Center",300,"operating",39.5938,-96.0831,"Nemaha County","Kansas"
"2024/06/04","United States","South Chestnut wind farm",50.4,"operating",39.7644,-79.7247,"Fayette County","Pennsylvania"
"2024/06/04","United States","South Fork (Aspenall) wind farm",13.8,"operating",43.5998,-95.3995,"Jackson County","Minnesota"
"2024/06/04","United States","South Peak wind farm",80,"operating",47.3027,-110.691,"Judith Basin County","Montana"
"2024/06/04","United States","South Plains II wind farm",300,"operating",34.1906,-101.393,"Floyd County","Texas"
"2024/06/04","United States","South Trent Mesa wind farm",101.2,"operating",32.4016,-100.143,"Nolan County","Texas"
"2021/11/04","United States","Southern Hills wind farm",123,"operating",41.1356,-94.4415,"Union County","Iowa"
"2024/06/04","United States","Spanish Fork Wind Park",18.9,"operating",40.0739,-111.587,"Utah County","Utah"
"2021/11/04","United States","Spearville wind farm",48,"operating",37.8608,-99.7433,"Ford County","Kansas"
"2021/11/04","United States","Spinning Spur Wind Ranch",194,"operating",35.2812,-102.682,"Oldham County","Texas"
"2021/11/04","United States","Spring Canyon wind farm",29,"operating",40.9981,-103.003,"Logan County","Colorado"
"2024/06/04","United States","Spruce Mountain wind farm",20,"operating",44.4182,-70.5601,"Oxford County","Maine"
"2024/06/04","United States","Stanton Wind Energy Center",120,"operating",32.2151,-101.852,"Martin County","Texas"
"2021/11/04","United States","Stateline Wind Project",177,"operating",46.0401,-118.8802,"Walla Walla County","Washington"
"2021/11/04","United States","Steel Winds wind farm",15,"operating",42.8033,-78.8601,"Erie County","New York"
"2023/08/28","United States","Stella wind farm",201,"operating",26.9771,-97.6746,"Kenedy County","Texas"
"2021/11/04","United States","Stephens Ranch wind farm",211,"operating",32.9055,-101.6298,"Borden County","Texas"
"2024/06/04","United States","Sterling I wind farm",29.9,"operating",33.3566,-103.281,"Lea County","New Mexico"
"2021/11/04","United States","Stetson wind farm",26,"operating",45.6243,-67.9772,"Washington County","Maine"
"2023/09/11","United States","Stoneray wind farm",67,"operating",44.1018,-96.1211,"Pipestone County","Minnesota"
"2021/11/04","United States","Stoney Corners wind farm",21,"operating",44.1792,-85.2877,"Missaukee County","Michigan"
"2024/06/04","United States","Stony Creek wind farm (United States)",52.5,"operating",40.0252,-78.834,"Somerset County","Pennsylvania"
"2023/08/28","United States","Storm Lake wind farm",80,"operating",42.8663,-95.3766,"Buena Vista County","Iowa"
"2021/11/04","United States","Story County wind farm",150,"operating",42.2069,-93.299,"Hardin County","Iowa"
"2024/06/04","United States","Strauss wind farm",95.3,"operating",34.5798,-120.5643,"Santa Barbara County","California"
"2023/08/21","United States","Summit Winds wind farm",10,"operating",37.7682,-121.6764,"Alameda County","California"
"2024/06/04","United States","SunZia Wind",2426.4,"construction",34.3284,-105.6009,"Torrance County","New Mexico"
"2024/06/04","United States","Sundance Wind Project",199,"operating",36.5149,-98.6784,"Woods County","Oklahoma"
"2024/06/04","United States","Sunflower Wind Project",104,"operating",46.8433,-102.048,"Morton County","North Dakota"
"2024/09/25","United States","Sweetland wind farm",200,"operating",44.2465,-98.4779,"Hand County","South Dakota"
"2021/11/04","United States","Sweetwater wind farm",146,"operating",32.3272,-100.475,"Nolan County","Texas"
"2024/06/04","United States","TB Flats wind farm",503.2,"operating",42.1773,-106.1635,"Carbon County","Wyoming"
"2024/06/04","United States","Taconite Ridge Wind Energy Center",25,"operating",47.5726,-92.6126,"St Louis County","Minnesota"
"2024/06/04","United States","Taloga wind farm",130,"operating",35.8468,-98.9317,"Dewey County","Oklahoma"
"2021/11/04","United States","Tatanka Wind Power",92,"operating",45.9538,-98.9363,"Dickey County","North Dakota"
"2022/09/12","United States","Tehachapi Hills wind farm",46,"operating",35.0976,-118.3213,"Kern County","California"
"2024/06/04","United States","Thousand Springs Wind Park",12,"operating",42.8765,-114.967,"Twin Falls County","Idaho"
"2021/11/04","United States","Thunder Spirit wind farm",108,"operating",46.0817,-102.595,"Adams County","North Dakota"
"2024/09/25","United States","Thunderhead Wind Energy",300,"operating",42.0901,-98.2319,"Antelope County","Nebraska"
"2021/11/04","United States","Timber Road wind farm",126,"operating",41.0147,-84.7023,"Paulding County","Ohio"
"2024/06/04","United States","Titan wind farm",25,"operating",44.4776,-99.1397,"Hand County","South Dakota"
"2024/09/10","United States","Top Hat Wind Project",200,"construction",40.0929,-89.2468,"Logan County","Illinois"
"2024/07/18","United States","Top of Iowa wind farm",80,"operating",43.3346,-93.4069,"Worth County","Iowa"
"2024/06/04","United States","Torrecillas Wind Energy",300,"operating",27.5799,-98.8247,"Webb County","Texas"
"2024/06/04","United States","Traverse Wind Project",999,"operating",35.7431,-98.6726,"Custer County","Oklahoma"
"2023/08/28","United States","Trent Mesa wind farm",156,"operating",32.4291,-100.189,"Nolan County","Texas"
"2024/06/04","United States","Triple H Wind Project",250.2,"operating",44.4765,-99.6373,"Hyde County","South Dakota"
"2024/06/04","United States","Tuana Gulch wind farm",10.5,"operating",42.8461,-114.969,"Twin Falls County","Idaho"
"2024/06/04","United States","Tucannon River wind farm",266.8,"operating",46.4348,-118.025,"Columbia County","Washington"
"2024/06/04","United States","Turtle Creek wind farm",199.2,"operating",43.495,-92.8256,"Mitchell County","Iowa"
"2021/11/04","United States","Tuscola Bay Wind",100,"operating",43.4906,-83.5744,"Tuscola County","Michigan"
"2021/11/04","United States","Twin Buttes Wind Project",75,"operating",37.7599,-102.565,"Prowers County","Colorado"
"2021/11/04","United States","Twin Groves wind farm",162,"operating",40.4178,-88.5522,"McLean County","Illinois"
"2025/01/15","United States","Twin Ridges wind farm",139,"construction",39.7441,-78.8898,NA,NA
"2024/06/04","United States","Two Ponds wind farm",23,"operating",43.0338,-115.483,"Elmore County","Idaho"
"2024/06/04","United States","Tyler Bluff Wind Project",125.6,"operating",33.6925,-97.3346,"Cooke County","Texas"
"2024/06/04","United States","Valley View wind farm",10,"operating",43.8979,-96.0276,"Murray County","Minnesota"
"2024/08/14","United States","Vansycle wind farm",114,"construction",45.8916,-118.531,"Umatilla County","Oregon"
"2024/06/04","United States","Vantage Point wind farm",90,"operating",46.9604,-120.195,"Kittitas County","Washington"
"2024/06/04","United States","Velva wind farm",11.9,"operating",48.1026,-100.8799,"McHenry County","North Dakota"
"2024/09/25","United States","Victory wind farm",104,"operating",42.1461,-95.0482,NA,NA
"2021/11/04","United States","Vienna wind farm",45,"operating",42.1439,-92.8158,"Marshall County","Iowa"
"2021/11/04","United States","Voyager wind farm",43,"operating",35.0608,-118.265,"Kern County","California"
"2024/06/04","United States","Walnut Ridge wind farm",212,"operating",41.4863,-89.6151,"Bureau County","Illinois"
"2023/09/11","United States","Walnut Wind Project",165,"operating",41.4954,-95.1672,NA,NA
"2024/06/04","United States","Waverly wind farm",199,"operating",38.3528,-95.557,"Coffey County","Kansas"
"2023/09/11","United States","Weatherford Wind Energy Center",157,"operating",35.4947,-98.7432,NA,NA
"2024/06/04","United States","Wessington Springs wind farm",51,"operating",44.0021,-98.5996,"Jerauld County","South Dakota"
"2024/09/30","United States","Western Trail wind farm",366.6,"operating",33.8525,-99.0442,"Wilbarger County","Texas"
"2024/06/04","United States","Whirlwind Energy Center",59.8,"operating",34.1112,-101.101,"Floyd County","Texas"
"2021/11/04","United States","Whispering Willow wind farm",201,"operating",42.7346,-93.4448,"Franklin County","Iowa"
"2024/06/04","United States","White Cloud Wind Project",236.5,"operating",40.3289,-95.0038,"Atchison County","Missouri"
"2024/06/04","United States","White Hills wind farm",350,"operating",35.8005,-114.441,"Mohave County","Arizona"
"2024/06/04","United States","White Oak wind farm",150,"operating",40.5866,-89.0727,"McLean County","Illinois"
"2024/07/09","United States","White Rock Wind Project",100,"operating",34.9668,-92.3678,"Caddo County","Oklahoma"
"2024/06/04","United States","Whitetail (Exelon) wind farm",92,"operating",27.4693,-99.0075,"Webb County","Texas"
"2024/06/04","United States","Whitney Hill Wind",65,"operating",39.9448,-89.2967,"Logan County","Illinois"
"2021/11/04","United States","Wild Horse wind farm",229,"operating",47.0026,-120.166,"Kittitas County","Washington"
"2024/06/04","United States","Wildcat (Exelon) Wind Project",27.3,"operating",32.9511,-103.279,"Lea County","New Mexico"
"2024/06/04","United States","Wildcat Ranch Wind Project",150,"operating",33.499,-102.8602,"Cochran County","Texas"
"2024/06/04","United States","Wildhorse Mountain Wind Facility",100,"operating",34.5893,-95.2087,"Pushmataha County","Oklahoma"
"2021/11/04","United States","Wildorado wind farm",161,"operating",35.2943,-102.309,"Oldham County","Texas"
"2024/06/04","United States","Willow Creek (Invenergy) Wind Energy Center",72,"operating",45.6533,-119.9795,"Morrow County","Oregon"
"2024/06/04","United States","Willow Spring (Oregon) wind farm",10,"operating",44.3808,-117.277,"Baker County","Oregon"
"2023/09/11","United States","Wilton wind farm",50,"operating",47.1094,-100.777,NA,NA
"2024/06/04","United States","Windstar wind farm (United States)",120,"operating",35.0275,-118.271,"Kern County","California"
"2021/11/04","United States","Windy Flats Wind Project",202,"operating",45.733,-120.837,"Klickitat County","Washington"
"2024/06/04","United States","Windy Point wind farm (United States)",136.3,"operating",45.7653,-120.686,"Klickitat County","Washington"
"2024/06/04","United States","Wolverine Creek wind farm",64.5,"operating",43.3711,-111.844,"Bonneville County","Idaho"
"2021/11/04","United States","Woodward Mountain wind farm",76,"operating",30.9432,-102.425,"Pecos County","Texas"
"2024/06/04","United States","Adams (MidAmerican) wind farm",4.7,"operating",40.9239,-94.7163,"Adams County","Iowa"
"2024/06/04","United States","Agassiz Beach LLC wind farm",1.9,"operating",47.0053,-96.4356,"Clay County","Minnesota"
"2024/08/23","United States","Allendorf wind farm",2,"operating",43.4,-95.6333,"Osceola County","Iowa"
"2024/06/04","United States","Anderson Wind Project",5,"operating",33.036,-103.855,"Chaves County","New Mexico"
"2024/06/04","United States","August wind farm",1.8,"operating",40.7649,-94.4756,"Taylor County","Iowa"
"2024/06/04","United States","Bay Windpower I wind farm",1.8,"operating",45.7644,-84.7381,"Cheboygan County","Michigan"
"2024/06/04","United States","Beaver Ridge Wind wind farm",4.5,"operating",44.4967,-69.35,"Waldo County","Maine"
"2024/06/04","United States","Big Top LLC wind farm",1.7,"operating",45.655,-119.4647,"Morrow County","Oregon"
"2024/06/04","United States","Bisson Windfarm LLC wind farm",2,"operating",43.9844,-96.2194,"Pipestone County","Minnesota"
"2024/06/04","United States","Blue Breezes LLC wind farm",1.3,"operating",43.6558,-94.1536,"Faribault County","Minnesota"
"2024/09/13","United States","Bowling Green Wind wind farm",1.8,"operating",41.3786,-83.7383,"Wood County","Ohio"
"2024/06/04","United States","Brown County Wind Turbine wind farm",1.5,"operating",39.9733,-90.6992,"Brown County","Illinois"
"2024/06/04","United States","Bulldog wind farm",1.5,"operating",41.2258,-94.4406,"Adair County","Iowa"
"2024/06/04","United States","CCC Hastings Wind Turbine wind farm",1.7,"operating",40.57,-98.334,"Adams County","Nebraska"
"2024/06/04","United States","CED Manchester Wind wind farm",7.9,"operating",42.4693,-91.4739,"Delaware County","Iowa"
"2024/06/04","United States","CG Windfarm LLC wind farm",2,"operating",43.9931,-96.2186,"Pipestone County","Minnesota"
"2024/06/04","United States","Camelot Wind LLC wind farm",1.5,"operating",41.9253,-70.64,"Plymouth County","Massachusetts"
"2024/08/23","United States","Carleton College wind farm",1.6,"operating",44.4619,-93.1564,"Rice County","Minnesota"
"2024/06/04","United States","Carstensen Wind wind farm",1.7,"operating",44.0247,-96.4369,"Pipestone County","Minnesota"
"2024/06/04","United States","Cisco wind farm",8.4,"operating",43.6256,-95.3725,"Jackson County","Minnesota"
"2024/06/04","United States","Coastal Energy Project wind farm",6,"operating",46.7936,-124.0654,"Grays Harbor County","Washington"
"2024/09/11","United States","Cody Road wind farm",2.4,"construction",42.9671,-75.7559,"Madison County","New York"
"2024/06/04","United States","Com Adam wind farm",2.5,"operating",41.6603,-89.2497,"Lee County","Illinois"
"2024/06/04","United States","Cooper Farms VW Project wind farm",4.5,"operating",40.9058,-84.5703,"Van Wert County","Ohio"
"2024/08/28","United States","Creston Ridge II, LLC wind farm",2.3,"operating",41.677,-97.391,"Platte County","Nebraska"
"2024/09/03","United States","Crow Lake wind farm",1.5,"operating",43.9036,-98.7401,"Jerauld County","South Dakota"
"2024/06/04","United States","Cumberland Rose wind farm",1.6,"operating",41.2269,-94.4347,"Adair County","Iowa"
"2024/06/04","United States","Dept of Corrections NCCI Wind wind farm",3.4,"operating",42.5722,-71.9447,"Worcester County","Massachusetts"
"2024/07/25","United States","Echo wind farm",6.6,"operating",45.6967,-119.4097,"Umatilla County","Oregon"
"2024/06/04","United States","Equity Industrial Turbines wind farm",4,"operating",42.6256,-70.6565,"Essex County","Massachusetts"
"2024/06/04","United States","Euclid Farm, Stamco N-54 wind farm",1,"operating",41.6022,-81.4969,"Cuyahoga County","Ohio"
"2024/08/28","United States","Fairmont Wind wind farm",1.7,"operating",43.575,-94.4467,"Martin County","Minnesota"
"2024/06/04","United States","Fey Windfarm LLC wind farm",2,"operating",44.0364,-96.0736,"Pipestone County","Minnesota"
"2024/06/04","United States","Fontanelle wind farm",1.6,"operating",41.3389,-94.57,"Adair County","Iowa"
"2024/06/04","United States","Foundation AB wind farm",1.5,"operating",38.2322,-122.0928,"Solano County","California"
"2024/06/04","United States","Foundation CDCR LAC wind farm",1.9,"operating",34.691,-118.221,"Los Angeles County","California"
"2024/09/03","United States","Foundation Cemex BMQ wind farm",1.5,"operating",34.6231,-117.1125,"San Bernardino County","California"
"2024/06/04","United States","Foundation Cemex River Plant wind farm",1.6,"operating",34.5619,-117.3072,"San Bernardino County","California"
"2024/06/04","United States","Foundation Dole Fresh Vegetables wind farm",2.8,"operating",36.4593,-121.3501,"Monterey County","California"
"2024/06/04","United States","Foundation IE wind farm",1,"operating",34.0847,-117.5294,"San Bernardino County","California"
"2024/09/03","United States","Foundation NWNA wind farm",1.9,"operating",33.9142,-116.7492,"Riverside County","California"
"2024/09/03","United States","Foundation RRM wind farm",1,"operating",33.9172,-116.815,"Riverside County","California"
"2024/06/04","United States","Foundation Scheid Vineyards wind farm",1.9,"operating",36.2745,-121.1916,"Monterey County","California"
"2024/06/04","United States","Foundation Superior Farms wind farm",1,"operating",38.42,-121.8181,"Solano County","California"
"2024/06/04","United States","Fox Island Wind LLC wind farm",4.5,"operating",44.0942,-68.8658,"Knox County","Maine"
"2024/06/04","United States","G Flow Wind LLC wind farm",1.3,"operating",43.5861,-95.7761,"Nobles County","Minnesota"
"2024/09/11","United States","GE-Lubbock wind farm",2.8,"operating",33.5914,-102.0569,"Lubbock County","Texas"
"2024/06/04","United States","GL Wind wind farm",2.5,"operating",43.9917,-91.8778,"Winona County","Minnesota"
"2024/06/04","United States","Garnet Wind Energy Center wind farm",6.5,"operating",33.9053,-116.5825,"Riverside County","California"
"2024/06/04","United States","Geneseo wind farm",1.5,"operating",41.4515,-90.1486,"Henry County","Illinois"
"2024/08/28","United States","Gordon Butte Wind",2.7,"operating",46.4119,-110.3378,"Meagher County","Montana"
"2024/06/04","United States","Green Acres Breeze LLC wind farm",1.3,"operating",43.5861,-95.7803,"Nobles County","Minnesota"
"2024/06/04","United States","Green Providence Wind I, LLC wind farm",1.5,"operating",41.7895,-71.3848,"Providence County","Rhode Island"
"2024/06/04","United States","Greenback Energy wind farm",1.7,"operating",44.0208,-96.4331,"Pipestone County","Minnesota"
"2024/06/04","United States","Hadley Ridge LLC wind farm",1.9,"operating",44.2253,-96.235,"Lincoln County","Minnesota"
"2024/06/04","United States","Harpster Wind wind farm",1.5,"operating",40.7183,-83.2286,"Wyandot County","Ohio"
"2024/09/13","United States","Haviland Plastic Products wind farm",1.5,"operating",41.0161,-84.5875,"Paulding County","Ohio"
"2024/06/04","United States","Heartland Community College wind farm",1.7,"operating",40.537,-89.019,"McLean County","Illinois"
"2024/09/11","United States","Henkel U.S. Operations Corporation wind farm",1.7,"operating",42.8869,-76.9683,"Ontario County","New York"
"2024/06/04","United States","Hilltop Power wind farm",2,"operating",43.9129,-96.1932,"Pipestone County","Minnesota"
"2024/06/04","United States","Holiday Hill Community Wind wind farm",5,"operating",42.2125,-72.8713,"Hampden County","Massachusetts"
"2024/09/11","United States","Hopkins Ridge Wind Project",7.2,"operating",46.4502,-117.854,"Columbia County","Washington"
"2024/09/11","United States","Howard wind farm",4.1,"operating",42.3314,-77.5031,"Steuben County","New York"
"2024/09/03","United States","Huerfano River Wind wind farm",2,"operating",37.7722,-104.8322,"Huerfano County","Colorado"
"2024/06/04","United States","Hull Wind II wind farm",1.8,"operating",42.2611,-70.8564,"Plymouth County","Massachusetts"
"2024/06/04","United States","Iowa Lakes Community College wind farm",1.7,"operating",43.3853,-94.8157,"Emmet County","Iowa"
"2024/06/04","United States","Ipswich Wind Turbine wind farm",1.6,"operating",42.7164,-70.8419,"Essex County","Massachusetts"
"2024/06/04","United States","Jersey-Atlantic wind farm",7.5,"operating",39.3822,-74.4475,"Atlantic County","New Jersey"
"2024/06/04","United States","Jiminy Peak Wind QF wind farm",1.5,"operating",42.5437,-73.2926,"Berkshire County","Massachusetts"
"2024/06/04","United States","Junction Hilltop wind farm",8,"operating",42.0989,-94.2692,"Greene County","Iowa"
"2024/06/04","United States","LE Wind Turbine 1 wind farm",2.5,"operating",41.5844,-81.5256,"Cuyahoga County","Ohio"
"2024/09/13","United States","LafargeHolcim - Paulding wind farm",1.5,"operating",41.1924,-84.6126,"Paulding County","Ohio"
"2024/06/04","United States","Lake Region Community Hybrid, LLC wind farm",2,"operating",46.5051,-96.1573,"Otter Tail County","Minnesota"
"2024/06/04","United States","Lamar Plant wind farm",4.5,"operating",38.0333,-102.5379,"Prowers County","Colorado"
"2024/06/04","United States","Lime Wind wind farm",3,"operating",44.3969,-117.2719,"Baker County","Oregon"
"2024/06/04","United States","Lincoln Heights II wind farm",3.9,"operating",44.3155,-96.3317,"Lincoln County","Minnesota"
"2024/06/04","United States","Loess Hills wind farm",5,"operating",40.4144,-95.54,"Atchison County","Missouri"
"2024/06/04","United States","Lucky Wind wind farm",1.7,"operating",44.0211,-96.4406,"Pipestone County","Minnesota"
"2024/06/04","United States","MA Military Reservation wind farm",1.5,"operating",41.6647,-70.5942,"Barnstable County","Massachusetts"
"2024/06/04","United States","Marshall (WMMPA) wind farm",4.2,"operating",44.3308,-95.8297,"Lyon County","Minnesota"
"2024/06/04","United States","Marshall Wind 2 LLC wind farm",4.2,"operating",44.3236,-95.8222,"Lyon County","Minnesota"
"2024/06/04","United States","Marshall Wind 5 LLC wind farm",2.1,"operating",44.3303,-95.8344,"Lyon County","Minnesota"
"2024/09/13","United States","Martin Marietta wind farm",1.5,"operating",41.466,-83.367,"Sandusky County","Ohio"
"2024/08/28","United States","McNeilus wind farm",3,"operating",43.9753,-92.8578,"Dodge County","Minnesota"
"2024/06/04","United States","Medicine Bow wind farm",4.9,"operating",41.8353,-106.2428,"Carbon County","Wyoming"
"2024/06/04","United States","Michelangelo Wind 1 LLC wind farm",3,"operating",41.881,-93.6231,"Story County","Iowa"
"2024/06/04","United States","Minnesota Breeze LLC wind farm",1.3,"operating",43.5833,-95.7781,"Nobles County","Minnesota"
"2024/06/04","United States","Minot wind farm",4.5,"operating",48.0213,-101.2805,"Ward County","North Dakota"
"2024/06/04","United States","Mt Wachusett Community College wind farm",3.4,"operating",42.5886,-71.9842,"Worcester County","Massachusetts"
"2024/06/04","United States","NLMU Wind wind farm",1.5,"operating",40.955,-91.3944,"Henry County","Iowa"
"2024/06/04","United States","North Shaokatan wind farm",1.9,"operating",44.4261,-96.4261,"Lincoln County","Minnesota"
"2024/06/04","United States","Notus Wind 1 wind farm",1.7,"operating",41.6083,-70.6089,"Barnstable County","Massachusetts"
"2024/09/03","United States","Oak Creek Wind Power",4.2,"operating",35.0375,-118.354,"Kern County","California"
"2024/06/04","United States","Optimum Wind 3 LLC wind farm",3,"operating",42.0192,-93.5136,"Story County","Iowa"
"2024/06/04","United States","Optimum Wind 5 LLC wind farm",3,"operating",42.014,-93.5181,"Story County","Iowa"
"2024/06/04","United States","Optimum Wind 7 LLC wind farm",3,"operating",42.0283,-93.4303,"Story County","Iowa"
"2024/06/04","United States","Osage (IA) wind farm",1.6,"operating",43.2797,-92.8106,"Mitchell County","Iowa"
"2024/08/28","United States","Perennial Windfarm wind farm",2.3,"operating",40.6319,-97.6427,"Fillmore County","Nebraska"
"2024/06/04","United States","Pillar Mountain Wind Project Microgrid wind farm",4.5,"operating",57.7869,-152.4406,"Kodiak Island County","Alaska"
"2024/06/04","United States","Pisgah Mountain Wind wind farm",9.1,"operating",44.7773,-68.5234,"Penobscot County","Maine"
"2024/06/04","United States","Princeton wind farm",3,"operating",42.4789,-71.9,"Worcester County","Massachusetts"
"2024/06/04","United States","Red Lake Falls Community Hybrid wind farm",4.6,"operating",47.8693,-96.319,"Red Lake County","Minnesota"
"2024/08/28","United States","Redwood Falls Wind wind farm",1.7,"operating",44.5028,-95.175,"Redwood County","Minnesota"
"2024/06/04","United States","Rock County Wind Fuel, LLC wind farm",5,"operating",43.6419,-96.2625,"Rock County","Minnesota"
"2024/06/04","United States","Roseman wind farm",1.8,"operating",41.371,-94.7539,"Cass County","Iowa"
"2024/06/04","United States","Ruthton Ridge LLC wind farm",1.9,"operating",44.2128,-96.2131,"Lincoln County","Minnesota"
"2024/06/04","United States","S&P Windfarm LLC wind farm",2,"operating",43.6514,-95.3825,"Jackson County","Minnesota"
"2024/09/03","United States","SPPW1, LLC wind farm",2.8,"operating",40.3138,-98.9603,"Franklin County","Nebraska"
"2024/09/26","United States","Sand Ranch wind farm",9.9,"operating",45.6447,-119.4767,"Morrow County","Oregon"
"2024/06/04","United States","Scituate Wind wind farm",1.5,"operating",42.1751,-70.7285,"Plymouth County","Massachusetts"
"2024/06/04","United States","Seneca Nation Cattaraugus Wind Turbine wind farm",1.5,"operating",42.5809,-79.1027,"Erie County","New York"
"2024/06/04","United States","Shane's Wind Machine wind farm",1.3,"operating",44.1508,-96.1361,"Pipestone County","Minnesota"
"2024/06/04","United States","Soliloquoy Ridge LLC wind farm",1.9,"operating",44.2364,-96.2331,"Lincoln County","Minnesota"
"2024/06/04","United States","Spartan Hills LLC wind farm",1.9,"operating",44.2358,-96.2383,"Lincoln County","Minnesota"
"2024/06/04","United States","Springview wind farm",1.5,"operating",42.8258,-99.7775,"Keya Paha County","Nebraska"
"2024/06/04","United States","St. Olaf Wind Turbine wind farm",1.6,"operating",44.4622,-93.1928,"Rice County","Minnesota"
"2024/06/04","United States","Story City wind farm",1.5,"operating",42.2081,-93.5994,"Story County","Iowa"
"2024/06/04","United States","Sun River LLC wind farm",1.9,"operating",44.4289,-96.4358,"Lincoln County","Minnesota"
"2024/06/04","United States","TG Windfarm LLC wind farm",2,"operating",43.9897,-96.2236,"Pipestone County","Minnesota"
"2024/06/04","United States","Taylor Farms wind farm",1,"operating",36.505,-121.4517,"Monterey County","California"
"2024/06/04","United States","Teichert Materials-Teichert Vernalis wind farm",1,"operating",37.6167,-121.3564,"San Joaquin County","California"
"2024/06/04","United States","Tofteland Windfarm LLC wind farm",2,"operating",43.9803,-96.2233,"Pipestone County","Minnesota"
"2024/09/11","United States","Tooele Army Depot(CSG) wind farm",1.7,"operating",40.503,-112.3706,"Tooele County","Utah"
"2024/06/04","United States","Traer wind farm",1.5,"operating",42.1614,-92.4425,"Tama County","Iowa"
"2024/06/04","United States","Twin Lake Hills LLC wind farm",1.9,"operating",44.2258,-96.2789,"Lincoln County","Minnesota"
"2024/06/04","United States","Two Dot Wind Broadview East LLC wind farm",1.8,"operating",46.1026,-108.8066,"Yellowstone County","Montana"
"2024/06/04","United States","UMM Wind Turbine wind farm",1.7,"operating",45.5897,-95.877,"Stevens County","Minnesota"
"2024/08/28","United States","Uilk Wind LLC wind farm",1.5,"operating",43.9811,-96.4269,"Pipestone County","Minnesota"
"2024/06/04","United States","University of Delaware Wind Turbine wind farm",2,"operating",38.7829,-75.1649,"Sussex County","Delaware"
"2024/06/04","United States","Valfilm wind farm",1.5,"operating",41.0843,-83.6441,"Hancock County","Ohio"
"2024/06/04","United States","Venus Wind 3 LLC wind farm",3,"operating",41.7419,-92.6722,"Poweshiek County","Iowa"
"2024/06/04","United States","WCROC wind farm",1.7,"operating",45.5897,-95.8769,"Stevens County","Minnesota"
"2024/09/03","United States","WED Coventry 2 wind farm",1.5,"operating",41.6725,-71.7058,"Kent County","Rhode Island"
"2024/06/04","United States","WED Coventry 4 wind farm",1.5,"operating",41.6864,-71.7283,"Kent County","Rhode Island"
"2024/09/03","United States","WED Coventry 6 wind farm",1.5,"operating",41.6697,-71.7083,"Kent County","Rhode Island"
"2024/06/04","United States","WED NK Green wind farm",1.5,"operating",41.5817,-71.4867,"Washington County","Rhode Island"
"2024/06/04","United States","WED Plainfield III, LLC wind farm",3,"operating",41.7935,-71.5306,"Providence County","Rhode Island"
"2024/06/04","United States","WED Portsmouth One, LLC wind farm",1.5,"operating",41.612,-71.2493,"Newport County","Rhode Island"
"2024/06/04","United States","WED Shun II, LLC wind farm",3,"operating",41.8001,-71.5362,"Providence County","Rhode Island"
"2024/06/04","United States","Wagner Wind LLC wind farm",6,"operating",33.9089,-116.5556,"Riverside County","California"
"2024/06/04","United States","Waxdale wind farm",1.5,"operating",42.7094,-87.8853,"Racine County","Wisconsin"
"2024/06/04","United States","Welcome Wind Turbine wind farm",2.1,"operating",43.6825,-94.5892,"Martin County","Minnesota"
"2024/06/04","United States","Wethersfield wind farm",6.6,"operating",42.6788,-78.2438,"Wyoming County","New York"
"2024/09/13","United States","Whirlpool Corp-Greenville wind farm",1.5,"operating",40.1313,-84.6099,"Darke County","Ohio"
"2024/09/11","United States","Whirlpool Corporation - Marion wind farm",1.5,"operating",40.5912,-83.1785,"Marion County","Ohio"
"2024/06/04","United States","Willmar wind farm",2,"operating",45.1217,-95.0532,"Kandiyohi County","Minnesota"
"2024/06/04","United States","Wind Colebrook South wind farm",5,"operating",41.9611,-73.1408,"Litchfield County","Connecticut"
"2024/06/04","United States","Windcurrent Farms LLC wind farm",2,"operating",44.0236,-96.0789,"Pipestone County","Minnesota"
"2024/06/04","United States","Windwalkers LLC wind farm",1.6,"operating",43.3847,-93.2214,"Worth County","Iowa"
"2024/06/04","United States","Wiota wind farm",1.6,"operating",41.3919,-94.8764,"Cass County","Iowa"
"2024/06/04","United States","Wolverine wind farm",1.5,"operating",41.3931,-94.4447,"Adair County","Iowa"
"2024/06/04","United States","Worthington wind farm",1,"operating",43.6335,-95.6092,"Nobles County","Minnesota"
"2024/09/11","United States","Zephyr Wind Project - 2.0 wind farm",1.5,"operating",41.0931,-83.6378,"Hancock County","Ohio"
"2024/09/11","United States","Zephyr Wind wind farm",1.5,"operating",41.0961,-83.6414,"Hancock County","Ohio"
